Abelard;m
Adalgisa;f
Adalgiso;m
Adalia;f
Adelbert;m
Adelfried;m
Adelina;f
Adelino;m
Adelmo;m
Ademaro;m
Adler;m
Adolfina;f
Adolph;m
Agneta;f
Ahren;m
Ainhoa;f
Alaric;m
Albert;m
Alberta;f
Aldous;m
Alger;m
Alicia;f
Alphonse;m
Amara;f
Ambert;m
Ancel;m
Antje;f
Arabelle;f
Arcilla;f
Arnold;m
Atenea;f
Aubrey;f
Ava;f
Baldwin;m
Barend;m
Belcebú;m
Bergen;m
Berit;f
Bernadette;f
Bernard;m
Berta;f
Bertram;m
Bingham;m
Blaz;m
Bluma;f
Brandeis;m
Brunhilde;f
Burke;m
Caín;m
Callan;f
Carleigh;f
Caroline;f
Cecania;f
Chay;f
Chloris;f
Conrado;m
Cort;m
Dagmar;f
Dagna;f
Dagobert;m
Dama;f
Derek;m
Dieter;m
Dietlinde;f
Dustin;m
Ebba;f
Eberhard;m
Edwin;m
Edwina;f
Egbert;m
Egmont;m
Eldwin;m
Elisabeth;f
Ellery;m
Emil;m
Emily;f
Emma;f
Erika;f
Ernest;m
Ernestine ;f
Esmeril;m
Fancy;f
Fatima;f
Faye;f
Felicia;f
Felix;m
Filipa;f
Fiona;f
Flavio;m
Flora;f
Forest;m
Fox;m
France;f
Francis;m
Franck;m
Francklin;m
Frank;m
Frankie;f
Frankie;m
Franklin;m
Franky;m
Frederic;m
Friday;m
Gabriel;m
Gaby;m
Gaea;f
Gael;m
Gaelle;f
Gally;m
Garance;f
Garry;m
Gary;m
Gaspard;m
Gautier;m
Gavin;m
Gaye;m
Gaylord;m
Gea;f
Gemini;m
Geoffrey;m
George;m
Georges;m
Georgette;f
Georgia;f
Georgina;f
Geremy;m
Gerhard;m
Gilbert;m
Gilberto;m
Giles;m
Gillian;m
Gina;f
Ginger;f
Gisele;f
Gladys;f
Glenn;m
Goliat;m
Grace;f
Graham;m
Gregory;m
Gwendolyn;f
Gypsy;m
Hadrien;m
Hannah;f
Hans;m
Harold;m
Harrison;m
Harry;m
Harvey;m
Hassan;m
Hayley;f
Heather;f
Heidi;f
Helen;f
Hélèna;f
Henri;m
Henry;m
Herbert;m
Holly;f
Homer;m
Hortense;f
Howard;m
Hubert;m
Hudson;m
Hugo;m
Iain;m
Ian;m
Iana;f
Ianis;m
Iban;m
Ibrahim;m
Ilan;m
Ilana;f
Ilhan;m
Ilias;m
Ilona;f
Ines;f
Ingrid;f
Irene;f
Irina;f
Irma;f
Isaac;m
Isabella;f
Isis;m
Ivan;m
Julia;f
Laetitia;f
Laïla;f
Lana;f
Lancelot;m
Lara;f
Larissa;f
Laura;f
Lauralie;f
Lauranne;f
Laure;f
Laurélie;f
Laureline;f
Lauréna;f
Laurence;f
Laurène;f
Laurent;m
Laurette;f
Laurie;f
Laurina;f
Laurine;f
Lazare;m
Léa;f
Léana;f
Léandre;f
Léane;f
Leevan;f
Lény;m
Léo;m
Léon;m
Léonard;m
Léone;f
Léonie;f
Léonore;f
Léopold;m
Lila;f
Lilas;f
Lilian;m
Liliane;f
Lilianne;f
Lilou;f
Lina;f
Linda;f
Line;f
Lionel;m
Lisa;f
Lisandru;m
Lisange;f
Lise;f
Lison;f
Loan;m
Loana;f
Loane;f
Loanne;f
Logan;m
Loghan;m
Lohane;f
Lohann;m
Loïc;f
Loïca;f
Loick;m
Loïs;f
Lola;f
Lolita;f
Lorène;f
Lorette;f
Lorian;m
Loriane;f
Lorianne;f
Lorie;f
Lorik;m
Lorine;f
Lorraine;f
Lorriane;f
Lothaire;m
Lou;f
Louane;f
Louis-Philippe;m
Louis;m
Louisa;f
Louise;f
Louisette;f
Louka;m
Loup;m
Lubin;m
Luc;m
Lucas;m
Luce;f
Lucette;f
Lucie;f
Lucien;m
Lucile;f
Lucine;f
Lucrèce;f
Ludivine;f
Ludovic;m
Luís;m
Luka;m;
Luna;f
Lydia;f
Lydie;f
Lyne;f
Lys;f
Lysange;f
Lyséa;f
Lysiane;f
Lysianne;f
Macha;f
Maciel;m
Madeleine;f
Madinina;f
Madisson;f
Maël;m
Maëlann;f
Maelia;f
Maëline;f
Maëlla;f
Maëlle;f
Maëly;f
Maëlys;f
Maëlyss;f
Maéna;f
Maeva;f
Maeve;f
Magali;f
Magalie;f
Magatte;f
Magdalène;f
Maggy;f
Maguy;f
Mahélie;f
Maï;f
Maïlis;f
Maïly;f
Maïlys;f
Maire-Christine;f
Maïté;f
Maiwen;f
Maïwenn;f
Malaury;f
Malo;m
Malorie;f
Manon;f
Manu;f
Manuel;m
Maoline;f
Marc-Antoine;m
Marc-Olivier;m
Marc;m
Marceau;m
Marcel;m
Marceline;f
Marcelle;f
Marco;m
Marcus;m
Margareth;f
Margaux;f
Margot;f
Marguerite;f
Maria;f
Mariana;f
Marianna;f
Marianne;f
Marie-Ange;f
Marie-Anne;f
Marie-Antoinette;f
Marie-Claude;f
Marie-Ève;f
Marie-Françoise;f
Marie-Hélène;f
Marie-Jeanne;f
Marie-Josée;f
Marie-Laure;f
Marie-Line;f
Marie-Neige;f
Marie-Noël;f
Marie-Pier;f
Marie-Reine;f
Marie-Soleil;f
Marie-Sophie;f
Marie-Thérèse;f
Marie;f
Marielle;f
Mariette;f
Marilou;f
Marilyne;f
Marina;f
Marine;f
Marion;f
Marius;m
Marjolaine;f
Marjorie;f
Marlène;f
Martha;f
Martial;m
Martin;m
Martine;m
Marylène;f
Marylise;f
Maryse;f
Maryvonne;f
Matéo;m
Mateusz;m
Mathias;m
Mathieu;m
Mathilda;f
Mathilde;f
Mathis;f
Mathis;m
Matisse;f
Matthieu;m
Maud;f
Maude;f
Maurane;f
Maureen;f
Maurice;m
Mauricette;f
Maurine;f
Max;m
Maxance;m
Maxence;m
Maxime;m
Maximilien;m
Maxine;f
Maya;f
Mayliss;f
Mazarine;f
Médéric;m
Mégane;f
Méghane;f
Mélanie;f
Melchior;m
Mélia;f
Mélina;f
Mélinda;f
Méline;f
Melissa;f
Mélissandre;f
Mélodie;f
Mélys;f
Méryl;f
Mia;f
Michael;m
Michel;m
Michèle;f
Micheline;f
Mickaël;m
Mikaël;m
Miléna;f
Milie;f
Milou;m
Mina;f
Mireille;f
Moïse;m
Moncef;m
Monica;f
Monique;f
Morfeo;m
Morgane;f
Moune;f
Murielle;f
Mylène;f
Myriam;f
Myrtille;f
Nadège;f
Nadia;f
Nadina;f
Nadine;f
Naëlle;f
Naéva;f
Nancy;f
Naomi;f
Naomie;f
Napoléon;m
Natacha;f
Natalina;f
Nath;f
Nathalie;f
Nathan;m
Nawelle;f
Nazaire;m
Néhémie;f
Neige;f
Nélie;f
Nelly;f
Néo;m
Nerea;f
Nestor;m
Nicodème;m
Nicolas;m
Nicole;f
Ninon;f
Noah;m
Noam;m
Noan;m
Noé;m
Noël;m
Noëlla;f
Noelle;f
Noémie;f
Nolan;f
Nolan;m
Nolwenn;f
Norah;f
Norbert;m
Normand;m
Océane;f
Océanne;f
Octave;m
Odette;f
Odile;f
Odoric;m
Olive;f
Olivia;f
Olivier;m
Ollivier;m
Ombeline;f
Ombline;f
Ondine;f
Ophélie;f
Oriane;f
Orlane;f
Orville;m
Óscar;m
Oskar;m
Pablo;m
Pamphile;m
Pascal;m
Pascale;f
Pascaline;f
Patrice;m
Patricia;f
Patrick;m
Paul-Loup;m
Paul;m
Paule;f
Paulette;f
Pauline;f
Peggy;f
Pélagie;f
Pénélope;f
Perline;f
Perrine;f
Philippe;m
Phillipe;m
Phoenix;f
Phoenix;m
Pierre-Loup;m
Pierre;m
Pierrette;f
Pierrick;m
Poca;f
Poupi;m
Prescilla;f
Prescillia;f
Prudence;f
Rachèle;f
Rania;f
Raphaël;m
Raphaelle;f
Ravina;f
Raymond;m
Raymonde;f
Rébecca;f
Réchard;m
Régine;f
Régis;m
Reine;f
Réjane;f
Réjean;m
Rémi;m
Rémy;m
Rénald;m
Renan;m
Renaud;f
René;m
Renée;f
Reynald;m
Richard;m
Rita;f
Riton;m
Robert;m
Robin;m
Rodolphe;m
Roger;m
Roland;m
Rolande;f
Romain;m
Roman;m
Romane;f
Romaric;m
Roméo;m
Romuald;m
Rosa;f
Rosaire;f
Rosalie;f
Rose;f
Roseline;f
Roselyne;f
Roxane;f
Roxanne;f
Rozenn;f
Rudolph;m
Rudy;m
Sabine;f
Sabrina;f
Salomé;f
Samantha;f
Sandra;f
Sandrine;f
Sara;f
Sarah;f
Sarah;f
Sasha;f
Selene;f
Sélène;f
Séréna;f
Servane;f
Séverine;f
Shakira;f
Sibylle;f
Sidonie;f
Silvia;f
Simone;f
Soizic;f
Solane;f
Solange;f
Soleil;f
Solène;f
Solenn;f
Solenne;f
Sonia;f
Sophie;f
Stéphanie;f
Stévina;f
Susanne;f
Susie;f
Suzanne;f
Suzette;f
Suzie;f
Sylvaine;f
Sylvette;f
Sylviane;f
Sylvie;f
Syrielle;f
Tatalo;m
Tatiana;f
Van Gogh;m
